Date,PM2.5,PM10,NOx,SO2,CO,O3
01-02-2018 00:00,227.39,445.35,68.75,13.64,1.4,None
02-02-2018 00:00,181.58,351.75,69.02,11.03,0.96,None
03-02-2018 00:00,152.29,304.04,66.94,14.95,0.86,None
04-02-2018 00:00,172.12,301.08,64.92,13.45,0.88,3.13
05-02-2018 00:00,210.75,372.96,84.57,16.52,1.04,27.55
06-02-2018 00:00,170.46,329.04,69.84,14.07,0.92,25.62
07-02-2018 00:00,160.46,292.33,66.13,14.23,0.9,37.69
08-02-2018 00:00,236.96,405.79,73.78,11.2,1.42,33.42
09-02-2018 00:00,250.46,423.21,68.57,13.24,1.42,39.28
10-02-2018 00:00,269.71,498.88,45.8,7.16,3.03,44.46
11-02-2018 00:00,146.42,315.46,53.84,8.38,1.05,42.96
12-02-2018 00:00,82.08,199.92,23.92,4.43,0.72,37.89
13-02-2018 00:00,140.83,223.67,55.61,6.75,0.98,42.24
14-02-2018 00:00,93,189.38,34.85,7.75,0.58,31.47
15-02-2018 00:00,113.46,210.12,37.27,10,0.73,32.98
16-02-2018 00:00,157.04,265.29,57.79,11.02,0.94,34.4
17-02-2018 00:00,177.21,315.96,48.29,10.69,0.92,31.54
18-02-2018 00:00,178.42,309.33,42.51,8.93,1.17,41.65
19-02-2018 00:00,247.54,422.12,59.16,12.69,1.63,43.41
20-02-2018 00:00,214.58,413.04,63.74,11.48,1.72,46.3
21-02-2018 00:00,221.25,460.75,65.99,8.75,2.38,53.87
22-02-2018 00:00,194.42,404.04,60.03,10.11,1.46,43.94
23-02-2018 00:00,199.05,421.78,59.76,9.4,1.36,42
24-02-2018 00:00,151.32,392.52,40.22,3.39,0.06,10.52
25-02-2018 00:00,103.71,238.26,48.64,5.21,0.21,7.43
26-02-2018 00:00,75.54,190.42,43.63,8.05,0.52,35.11
27-02-2018 00:00,110.32,217.02,55.83,10.9,0.73,37.12
28-02-2018 00:00,178.64,345.41,56.25,10.8,0.95,46.47
01-03-2018 00:00,150.44,310.76,58.62,7.75,0.87,39.64
02-03-2018 00:00,180.5,305.17,54.22,5.59,1.35,51.15
03-03-2018 00:00,126.5,276.04,35.66,5.44,0.74,41.28
04-03-2018 00:00,91.58,213.88,39.41,9.92,0.58,39.74
05-03-2018 00:00,90.74,189.57,46.02,9.91,0.49,41.45
06-03-2018 00:00,103.28,212.47,41.44,4.81,0.21,21.92
07-03-2018 00:00,105.96,215.42,52.73,10.48,0.66,43.38
08-03-2018 00:00,194.88,406.38,57.43,8,1.36,42.95
09-03-2018 00:00,170.17,346.58,59.52,14.48,0.86,48.84
10-03-2018 00:00,96.23,223.31,43.29,11.83,0.4,38.07
11-03-2018 00:00,106.63,220.45,54.48,13.99,0.58,45.03
12-03-2018 00:00,130.38,282.92,49.07,13.11,0.58,49.15
13-03-2018 00:00,147.48,352.14,56.14,10.25,1.1,54.52
14-03-2018 00:00,118.22,402.2,60.01,6.66,1,49.19
15-03-2018 00:00,136,441.29,45.43,7.09,0.71,40.35
16-03-2018 00:00,130.21,335.88,44.54,10.53,0.54,44.27
17-03-2018 00:00,119.52,268.96,31.37,11.47,0.4,38.12
18-03-2018 00:00,69.79,201.21,27.5,7.04,0.41,85.43
19-03-2018 00:00,90.21,261.88,36.86,9.01,0.59,55.03
20-03-2018 00:00,132.12,338.42,47.76,6.22,0.45,53.44
21-03-2018 00:00,149.62,348.11,23.43,11.73,0.6,66.77
22-03-2018 00:00,87.33,211.95,19.58,6.63,0.44,60.5
23-03-2018 00:00,73.6,181.34,38.29,9.74,0.42,45.79
24-03-2018 00:00,98.9,240.07,41.77,12.26,0.44,47.17
25-03-2018 00:00,94,246.54,31.83,12.11,0.46,47.29
26-03-2018 00:00,107.79,271.71,37.91,15.4,0.53,48.21
27-03-2018 00:00,130.58,336.5,38.97,7.86,1.05,52.03
28-03-2018 00:00,132.25,371.08,36.71,6.5,1.36,34.02
29-03-2018 00:00,107.33,267.5,29.45,13.57,0.45,51.86
30-03-2018 00:00,126.15,314.81,20.12,6.41,0.39,56.78
31-03-2018 00:00,None,None,None,None,None,None
01-04-2018 00:00,105.14,311.43,25.2,5.64,0.78,67.97
02-04-2018 00:00,113.54,303.33,32.25,4.73,0.76,73.5
03-04-2018 00:00,115.58,313.71,35.17,7.75,0.75,84.05
04-04-2018 00:00,140.71,350.54,39.53,8.34,0.92,74.81
05-04-2018 00:00,218.17,449.75,31.59,13.79,0.9,30.84
06-04-2018 00:00,102.73,244.37,23.16,9.04,0.52,59.82
07-04-2018 00:00,52.9,160.91,25.81,6.48,0.47,78.98
08-04-2018 00:00,50.47,165.96,23.66,4.01,0.44,88.11
09-04-2018 00:00,54.62,157.25,29,0.71,0.74,53.35
10-04-2018 00:00,103.46,331.25,38.3,3.64,0.64,76.27
11-04-2018 00:00,51.21,151.46,33.04,5.81,0.37,60.46
12-04-2018 00:00,50.04,129.92,38.94,7.11,0.53,64.83
13-04-2018 00:00,83.62,208,53.51,10.13,0.74,51.32
14-04-2018 00:00,97.29,252.33,58.35,16.13,0.65,55.66
15-04-2018 00:00,125.5,326.58,57.3,12.46,0.98,69.93
16-04-2018 00:00,130.42,404.67,51.53,13.15,0.91,66.05
17-04-2018 00:00,76.67,293.79,51.92,9.78,0.52,37.44
18-04-2018 00:00,75.86,317.46,38.74,9.71,0.36,46.12
19-04-2018 00:00,101.65,347.57,49.7,6.44,0.52,48.92
20-04-2018 00:00,96,447.55,27.66,8.13,0.38,49.28
21-04-2018 00:00,101.33,574.29,27.96,10.6,0.32,48.24
22-04-2018 00:00,84.83,281.92,34.24,17.93,0.33,51.7
23-04-2018 00:00,103.15,281.04,49.79,14.43,0.58,55.63
24-04-2018 00:00,155.67,354.08,42.48,13.63,0.88,59.1
25-04-2018 00:00,126.29,389,44.39,6.91,1.65,51.75
26-04-2018 00:00,146.12,509.92,47.99,6.74,1.18,55.47
27-04-2018 00:00,112.39,425.12,18.75,1.71,0.63,95.75
28-04-2018 00:00,89.18,409.79,20.11,2.85,0.52,90.17
29-04-2018 00:00,95.58,314.31,32.02,9.08,0.66,67.2
30-04-2018 00:00,81.13,249.14,34.1,6.16,0.56,63.35
01-05-2018 00:00,55.29,205.86,26.96,4.38,0.5,90.88
02-05-2018 00:00,62.46,181.23,35.47,1.95,0.43,83.19
03-05-2018 00:00,49.93,185.2,25.13,4.33,0.41,66.27
04-05-2018 00:00,52.17,142.16,30.33,5.72,0.5,83.43
05-05-2018 00:00,87.51,237.92,47.56,6.98,0.82,61.14
06-05-2018 00:00,125.6,348.46,46.91,8.46,0.79,67.22
07-05-2018 00:00,129.9,357.33,51.35,10.49,0.83,60.58
08-05-2018 00:00,51.95,177.01,27.4,2.3,0.29,69.61
09-05-2018 00:00,86.2,193.92,41.01,2.37,0.79,59.38
10-05-2018 00:00,115.56,260.58,52.61,5.67,0.99,71.47
11-05-2018 00:00,167.42,378.74,53.62,2.31,1.11,71.31
12-05-2018 00:00,159.43,386.92,44.73,1.76,1.04,64.89
13-05-2018 00:00,80.64,268.82,34.03,1.16,0.44,81.16
14-05-2018 00:00,54.88,159.17,23.28,1.78,0.5,84.85
15-05-2018 00:00,78.86,206.18,31.38,2.52,0.63,95.07
16-05-2018 00:00,81.3,234.54,36.92,5.04,0.54,68.76
17-05-2018 00:00,114.58,338.48,37.23,7.87,0.59,75.91
18-05-2018 00:00,111.08,294.58,41.35,8.46,0.7,65.81
19-05-2018 00:00,118.54,340.67,50.78,7.51,0.9,75.91
20-05-2018 00:00,100.75,290.46,39.79,8.25,0.61,63.47
21-05-2018 00:00,71.75,261.02,30.87,7.33,0.43,69.06
22-05-2018 00:00,104.23,312.07,44.03,9.11,1.07,67.3
23-05-2018 00:00,151.04,418.82,52.15,9.68,1.04,57.21
24-05-2018 00:00,118.58,332.73,52.79,12.33,0.77,59.72
25-05-2018 00:00,109.97,326.06,86.88,13.11,0.98,15.22
26-05-2018 00:00,112.45,316.1,47.07,7.38,1.03,76.58
27-05-2018 00:00,93.09,370.47,57.64,6.54,0.63,54.54
28-05-2018 00:00,139.94,360.63,51.14,10.21,1.05,78.13
29-05-2018 00:00,107.36,361.7,52.87,5.56,0.75,61.47
30-05-2018 00:00,60.57,357.93,49.35,2.7,0.44,62.73
31-05-2018 00:00,70.71,270.54,38.8,6.06,0.59,57.07
01-06-2018 00:00,88.13,258.24,44.35,3.46,0.4,70.01
02-06-2018 00:00,48.09,157.05,25.09,6.06,0.4,71.43
03-06-2018 00:00,57.1,152.82,31.55,4.73,0.44,75.64
04-06-2018 00:00,57.73,199.04,38.53,3.26,0.43,66.21
05-06-2018 00:00,50.08,162.54,33.37,2.72,0.47,52.74
06-06-2018 00:00,55.09,167.78,45.88,3.54,0.54,30.51
07-06-2018 00:00,74.29,181.02,31.67,5.43,0.62,56.02
08-06-2018 00:00,71.92,217.87,36.67,3.7,0.57,30.06
09-06-2018 00:00,53.13,164.32,49.58,1.91,0.56,22.24
10-06-2018 00:00,66.1,162.78,48.3,3.92,0.77,36.09
11-06-2018 00:00,72.37,252.79,32.83,6.84,0.56,31.01
12-06-2018 00:00,138.72,499.67,28.91,5.54,0.52,19.32
13-06-2018 00:00,252.97,925.8,31.43,2.97,0.34,12.75
14-06-2018 00:00,192.13,934.6,25.52,1.73,0.36,19.76
15-06-2018 00:00,134.37,607.1,25.43,2.59,0.33,21.31
16-06-2018 00:00,126.58,670.25,25.99,3.34,0.38,25.53
17-06-2018 00:00,76.83,299.71,31.74,2.34,0.31,31.83
18-06-2018 00:00,62.38,171.92,27.55,5.62,0.37,33.38
19-06-2018 00:00,50.67,166.46,26.7,3.82,0.37,46.17
20-06-2018 00:00,83.51,216.84,29.88,4.68,0.47,59.45
21-06-2018 00:00,81.46,371.04,31.91,5.11,0.52,66.58
22-06-2018 00:00,97.33,327.67,52.02,8.46,0.71,73.57
23-06-2018 00:00,79,312.08,36.9,6.92,0.54,82.57
24-06-2018 00:00,59.25,208.57,33,7.51,0.44,66.12
25-06-2018 00:00,40.58,198.64,22.71,7.57,0.36,22.31
26-06-2018 00:00,17.21,65.96,14.43,13.5,0.45,37.97
27-06-2018 00:00,54.79,105.14,11.21,10.53,0.57,66.8
28-06-2018 00:00,27.03,51.04,7.91,5.31,0.49,45.93
29-06-2018 00:00,36.57,79.23,14.4,7.69,0.6,49.83
30-06-2018 00:00,34.98,99.12,24.96,6.6,0.7,35.7
01-07-2018 00:00,23.5,92.19,19.83,3.97,0.55,33.48
02-07-2018 00:00,21.67,133.44,15.19,5.25,0.43,44.75
03-07-2018 00:00,35.6,109.39,26.83,5.14,0.67,54.5
04-07-2018 00:00,37.5,104.8,22.46,6.81,0.58,68.08
05-07-2018 00:00,43.06,142.17,49.28,8.9,0.59,57.83
06-07-2018 00:00,49.33,181.33,41.17,7.14,0.56,60.96
07-07-2018 00:00,58.92,175.5,24.56,7.07,0.62,80.85
08-07-2018 00:00,61.27,175.5,19.57,7.98,0.61,107.83
09-07-2018 00:00,65.62,167.58,15.66,10.21,0.63,73.91
10-07-2018 00:00,42.28,111.5,14.1,7.66,0.62,62.79
11-07-2018 00:00,37.98,102.56,16.46,9.15,0.65,48.81
12-07-2018 00:00,51.46,150.6,20.03,6.08,0.59,58.27
13-07-2018 00:00,31.19,61.15,21.75,7.06,0.74,28.44
14-07-2018 00:00,34.28,70.88,19.82,8.41,0.68,28.26
15-07-2018 00:00,41.58,86.17,21.25,19.75,0.77,34.66
16-07-2018 00:00,35.27,74.31,28.43,15.71,0.98,19.16
17-07-2018 00:00,28.11,86.95,20.81,17.67,0.74,41.12
18-07-2018 00:00,34.65,93.69,18.1,19.49,0.67,40.7
19-07-2018 00:00,27.94,77.67,17.49,20.6,0.8,39.05
20-07-2018 00:00,35.76,85.47,26.07,15.82,0.85,20.92
21-07-2018 00:00,41.43,88.65,29.99,20.75,0.98,35.41
22-07-2018 00:00,21.22,43.73,19.13,15.02,0.73,26.87
23-07-2018 00:00,24.44,63.08,16.3,17.43,0.76,31.5
24-07-2018 00:00,37.81,104.98,17.65,18.37,0.88,42.05
25-07-2018 00:00,30.08,82.21,11.59,14.14,0.78,17.77
26-07-2018 00:00,20.5,42.62,14.84,15.11,0.68,11.88
27-07-2018 00:00,15.19,27.29,11.27,15.92,0.69,13.8
28-07-2018 00:00,31.65,68.62,13.27,16.29,0.77,21.27
29-07-2018 00:00,58.71,148.21,11.23,15.09,0.69,21.99
30-07-2018 00:00,56.6,151.31,6.43,15.26,0.62,29.94
31-07-2018 00:00,70.83,194,8.1,16.73,0.75,23.98
01-08-2018 00:00,87.94,253.04,7.12,16.73,0.72,29.99
02-08-2018 00:00,107.15,328.29,11.25,17.53,0.76,25.67
03-08-2018 00:00,92.65,308.21,14.96,15.35,0.81,24.76
04-08-2018 00:00,93.64,318.48,14.37,15.4,0.57,29.34
05-08-2018 00:00,84.19,277.61,9.03,16.13,0.56,20.68
06-08-2018 00:00,44.05,129.89,10.31,15.52,0.62,15.9
07-08-2018 00:00,43.3,118.58,17.1,19.83,0.83,29.74
08-08-2018 00:00,31.71,83.4,20.6,16.93,0.85,29.61
09-08-2018 00:00,28.06,84.27,15.71,18.94,0.8,36.84
10-08-2018 00:00,36.62,115.62,19.99,16.12,0.98,34.73
11-08-2018 00:00,33.77,113.58,11.85,16.26,0.59,25.92
12-08-2018 00:00,26.5,92.42,12.6,15.54,0.67,23.52
13-08-2018 00:00,28.1,91.65,13,15.9,0.63,29.4
14-08-2018 00:00,37.37,124.85,17.04,14.99,0.79,33.65
15-08-2018 00:00,36.62,120,11.81,17.16,0.65,41.76
16-08-2018 00:00,35.85,89.85,17.08,17.38,0.96,43.45
17-08-2018 00:00,22.19,62.64,10.3,14.78,0.71,24.86
18-08-2018 00:00,29.17,72.12,11.63,18.46,0.83,31.11
19-08-2018 00:00,52.74,109.31,19.36,19.11,1.16,17.62
20-08-2018 00:00,61.38,126.76,28.84,18.92,1.56,37.41
21-08-2018 00:00,28.79,87.88,31.48,22.69,0.62,34.43
22-08-2018 00:00,23.08,63.75,32.99,17.55,0.58,21.8
23-08-2018 00:00,20.93,64.78,26.45,15.37,0.52,10.05
24-08-2018 00:00,17.96,93.79,25.59,15.25,1.41,17.72
25-08-2018 00:00,18.71,96.88,18.53,15.29,0.5,21.4
26-08-2018 00:00,17.08,79.08,15.06,14.81,0.5,28.99
27-08-2018 00:00,14.06,41.25,11.47,14.27,0.15,27.16
28-08-2018 00:00,23.5,49.29,15.14,16.56,0.74,23.1
29-08-2018 00:00,29.77,65.21,16.73,16.8,0.83,22.01
30-08-2018 00:00,36.71,95.31,18.67,14.26,2.76,35.13
31-08-2018 00:00,38.53,159.36,8.17,12.7,None,18.61
01-09-2018 00:00,37.27,103.29,6.82,14.03,0.3,8.06
02-09-2018 00:00,35.38,69.6,3.64,13.9,0.32,19.28
03-09-2018 00:00,38.31,64.88,5.13,14.91,1.44,28.19
04-09-2018 00:00,62.39,118.71,5.62,15.42,1.55,35.75
05-09-2018 00:00,35.92,108.71,4.05,13.76,1.21,21.38
06-09-2018 00:00,35.27,124.54,4.3,14.8,0.68,25.36
07-09-2018 00:00,28.77,74.6,5.32,14.63,0.86,27.88
08-09-2018 00:00,25.57,61.01,4.46,16.24,0.79,21.19
09-09-2018 00:00,18.21,48.46,8.56,13.67,1.07,39.06
10-09-2018 00:00,33.67,77.23,8.62,16.42,0.53,48.49
11-09-2018 00:00,19.5,66.77,10.46,13.66,0.66,27.23
12-09-2018 00:00,21.76,102.44,13.34,13.29,0.68,23.71
13-09-2018 00:00,19.29,121.52,12.35,14.9,0.63,25.36
14-09-2018 00:00,24.79,121.88,12.76,15.52,0.7,26.05
15-09-2018 00:00,31.08,121.88,15.66,16.84,0.7,26.91
16-09-2018 00:00,42.75,140.22,16.59,19.32,0.68,27.94
17-09-2018 00:00,62.49,173.61,16.03,18.56,0.79,40.02
18-09-2018 00:00,64.82,187.83,39.66,20.56,0.8,45.07
19-09-2018 00:00,64.3,189.92,39.87,19.02,0.76,50.65
20-09-2018 00:00,57.62,194.15,10.61,18.83,0.33,65.56
21-09-2018 00:00,34,105.46,11.17,16.27,0.44,22.61
22-09-2018 00:00,16.12,44.27,16.09,17.41,0.53,21.54
23-09-2018 00:00,18.77,56.69,13.84,17.05,0.45,29.64
24-09-2018 00:00,12.42,32.85,19.49,14.16,0.39,15.86
25-09-2018 00:00,17,54.08,35.56,14.9,0.39,14.41
26-09-2018 00:00,30.63,94,46.46,15.29,0.46,28.22
27-09-2018 00:00,67.27,181.42,68.47,16.19,0.5,37.72
28-09-2018 00:00,81.79,233.38,99.51,17.01,0.7,38.98
29-09-2018 00:00,76.04,219.29,60.03,18.97,0.32,47.3
30-09-2018 00:00,53.27,140.35,45.57,20.3,0.38,36.29
01-10-2018 00:00,62.06,183.29,46.86,21.14,0.45,44.86
02-10-2018 00:00,70.23,191.33,47.67,17.44,0.42,40.45
03-10-2018 00:00,69,207.71,59.09,18.14,0.51,49.42
04-10-2018 00:00,94.06,239.48,63.83,21.43,0.44,34.4
05-10-2018 00:00,116.52,260.52,75.93,24.1,0.53,53.44
06-10-2018 00:00,72.57,180,60.87,22.9,0.39,35.77
07-10-2018 00:00,65.55,244.5,53.97,28,0.44,55.71
08-10-2018 00:00,72.93,293.49,47.58,23.48,0.57,56.32
09-10-2018 00:00,58.52,273.48,64.87,33.61,0.68,72.44
10-10-2018 00:00,61.94,261.34,44.82,30.26,1.27,59.19
11-10-2018 00:00,37.06,215.02,28.44,18.39,0.74,41.57
12-10-2018 00:00,58.11,190.06,41.81,21.93,0.65,50.06
13-10-2018 00:00,167.44,292.81,64.14,34.35,0.78,42.1
14-10-2018 00:00,101.96,222.35,75.36,32.37,0.73,44.22
15-10-2018 00:00,115.55,298.56,66.54,21.36,1.01,51.24
16-10-2018 00:00,64.68,343.05,93.26,24.2,1.63,67.97
17-10-2018 00:00,58.64,336.44,109.98,20.9,1.77,49.55
18-10-2018 00:00,57.53,343.02,131.72,22.34,2.02,52.3
19-10-2018 00:00,52.32,321.98,51.37,22.79,0.92,51.31
20-10-2018 00:00,53.1,312.86,49.37,27.16,0.88,54.9
21-10-2018 00:00,48.31,272.23,70.02,31.61,0.84,45.42
22-10-2018 00:00,49.56,274.86,86.51,27.23,1.13,42.83
23-10-2018 00:00,48.24,302.26,95.32,23.65,1.38,61.17
24-10-2018 00:00,69.31,349.52,144.47,25.27,2,68
25-10-2018 00:00,56.6,341.49,115.26,28.26,2.01,89.34
26-10-2018 00:00,66.65,391.1,128.55,27.73,2.27,58.63
27-10-2018 00:00,72.48,402.33,171.33,26.02,3.65,63
28-10-2018 00:00,69.12,379.52,112.86,24.55,2.12,48.14
29-10-2018 00:00,150.86,530.33,138.47,23.31,2.72,44.56
30-10-2018 00:00,294.69,495.29,115.57,19.76,2.65,50.24
31-10-2018 00:00,258.58,444.19,132.51,20.64,2.72,43.21
01-11-2018 00:00,314.88,519.33,138.62,22.09,3.48,41.06
02-11-2018 00:00,235.31,406.17,55.09,19.52,1.59,40.44
03-11-2018 00:00,176.06,327.71,26.83,15.86,1.09,42.71
04-11-2018 00:00,121.95,208.08,18.4,15.19,0.7,64.03
05-11-2018 00:00,460.49,607.32,34.81,16.4,1.56,30.34
06-11-2018 00:00,215.76,411.42,46.35,23.18,1.12,39.33
07-11-2018 00:00,210.2,379.66,49.61,18.96,1.91,54.71
08-11-2018 00:00,349.88,546.73,61.56,36.46,3.04,42.51
09-11-2018 00:00,392.19,562.53,93.59,21.4,3.25,12.36
10-11-2018 00:00,353.93,502.39,99.65,15.54,3.61,20.35
11-11-2018 00:00,332.45,502.26,59.19,11.26,3.03,46.4
12-11-2018 00:00,354.08,538.75,46.94,11.53,2.89,35.38
13-11-2018 00:00,336.9,487.56,76.08,15.09,3.16,22.79
14-11-2018 00:00,172.52,250.33,70.47,12.23,1.9,29.99
15-11-2018 00:00,126.12,189.38,57.82,14.96,1.27,27.52
16-11-2018 00:00,155.92,244.96,49.52,16.75,1.23,37.55
17-11-2018 00:00,174.27,289.83,80.61,16.91,1.97,36.93
18-11-2018 00:00,215.42,337.96,106.92,13.39,2.34,45.47
19-11-2018 00:00,223.79,339.9,54.67,18.91,1.92,64.1
20-11-2018 00:00,271.48,387.38,93.59,19.7,2.23,41.47
21-11-2018 00:00,228.31,343.08,84.23,16.11,2.07,34.47
22-11-2018 00:00,175.91,357.15,120.17,16.16,3.05,40.39
23-11-2018 00:00,230.68,386.39,105.46,24.07,1.8,32.64
24-11-2018 00:00,118.15,259.34,59.45,24.99,1.46,31.85
25-11-2018 00:00,164.92,301.72,108.37,28.85,2.01,33.21
26-11-2018 00:00,254.45,417.33,169,29.57,3.06,32.04
27-11-2018 00:00,251.98,378.66,244.15,18.88,5.02,30.31
28-11-2018 00:00,247.4,358.17,146.66,12.98,3.61,22.36
29-11-2018 00:00,259.17,375.24,39.78,9.66,2.99,23.91
30-11-2018 00:00,227.52,340.67,20.9,18.24,1.96,36.84
01-12-2018 00:00,201.67,317.33,23.62,14.67,2.42,40.38
02-12-2018 00:00,224.29,347,39.81,14.56,3.55,50.63
03-12-2018 00:00,251.19,383.9,56.35,15.69,3.9,49.88
04-12-2018 00:00,282.85,401.35,77.34,11.31,4.5,41.04
05-12-2018 00:00,232.31,342.92,56.7,12.29,3.1,36.25
06-12-2018 00:00,276.02,360.04,70.14,14.55,3.38,34.32
07-12-2018 00:00,238.5,318.21,43.82,14.1,2.1,30.25
08-12-2018 00:00,256.31,336.43,39.73,15.56,2.3,33.71
09-12-2018 00:00,256.65,323.77,46,17.52,2.65,44.7
10-12-2018 00:00,343.38,415.79,53.74,18.61,3.14,73.83
11-12-2018 00:00,362.81,453.15,63.44,14.01,3.79,61.04
12-12-2018 00:00,298.6,360.71,48.05,14.99,2.27,34.05
13-12-2018 00:00,98.88,141.02,30.79,14.88,1.1,28.62
14-12-2018 00:00,141.5,201.24,38.56,17.54,1.27,31.02
15-12-2018 00:00,145,204.6,44.11,18.93,1.22,31.43
16-12-2018 00:00,182.6,260.9,61.42,23.56,1.51,34.04
17-12-2018 00:00,217.71,309.12,75.57,28.48,1.73,36.35
18-12-2018 00:00,234.27,324.46,64.32,30.42,1.76,42.75
19-12-2018 00:00,259.58,360.9,85.41,25.92,2.58,39.26
20-12-2018 00:00,330.64,430.07,112.73,25.37,2.65,41.56
21-12-2018 00:00,310.65,401.62,27.32,22.01,2.17,36.53
22-12-2018 00:00,419.19,520.08,22.16,21.94,3.28,41.26
23-12-2018 00:00,575.75,665.96,21.56,16.73,4.65,49.1
24-12-2018 00:00,491.46,588.37,50.94,20.47,4.04,30.69
25-12-2018 00:00,305.2,382.97,49.44,19.91,1.96,30.87
26-12-2018 00:00,335.01,445.74,100.04,16.93,1.96,32.44
27-12-2018 00:00,370.86,487.11,136.46,24.2,3.11,29.21
28-12-2018 00:00,296.47,390.92,56.1,22.33,1.79,27.77
29-12-2018 00:00,323.29,456.57,100.5,20.88,2.9,29.14
30-12-2018 00:00,501.15,629.81,199.47,21.53,4.12,28.08
31-12-2018 00:00,331.18,499.18,112.01,19.49,2.45,23.75
01-01-2019 00:00,367.28,555.28,138.93,19.71,3.46,26.22
02-01-2019 00:00,457.14,621.13,174.54,19.37,3.37,27.38
03-01-2019 00:00,428.69,586.08,94.64,17.15,2.76,22.34
04-01-2019 00:00,286.43,410.34,62.63,14.68,2.41,12.54
05-01-2019 00:00,283.47,402.99,67.09,19.11,2.48,45.55
06-01-2019 00:00,183.18,227.9,39.76,14.78,1.47,21.56
07-01-2019 00:00,216.75,284.17,78.54,20.74,1.59,16.86
08-01-2019 00:00,168.21,213,33.68,20.39,1.29,23.31
09-01-2019 00:00,158.83,222.54,35.07,20.38,1.33,29.08
10-01-2019 00:00,210.12,300.65,74.81,21.1,2.26,27.85
11-01-2019 00:00,362.35,449.4,145.59,20.9,2.88,25.43
12-01-2019 00:00,376.98,439.49,106.76,15.89,3.52,26.74
13-01-2019 00:00,307.69,372.46,73.86,21.74,2.26,30.08
14-01-2019 00:00,99.08,162.77,34.07,20.18,1.05,30.96
15-01-2019 00:00,159.4,230.96,54.92,20.53,1.8,6.1
16-01-2019 00:00,331.71,427.72,144.17,26.03,3.34,4.29
17-01-2019 00:00,382.99,445.75,104.92,34.37,2.63,4.18
18-01-2019 00:00,268.4,323.15,93.96,24.06,2.16,4.46
19-01-2019 00:00,327.33,405.42,131.86,25.93,2.94,4.34
20-01-2019 00:00,401.41,458.09,214.93,23.11,5.63,4.36
21-01-2019 00:00,191.94,248.26,62.27,24.61,2.12,9.09
22-01-2019 00:00,53.05,58.27,15.75,15.24,1.02,18.14
23-01-2019 00:00,183.83,263.9,76.86,17.76,2.01,18.15
24-01-2019 00:00,129.15,239.17,30.72,18.94,1.23,25.64
25-01-2019 00:00,94.44,174.02,28.4,21.54,0.99,31.69
26-01-2019 00:00,114.04,195.48,43.79,22.37,0.99,37.76
27-01-2019 00:00,149.58,232.62,41.31,27,1.12,29.99
28-01-2019 00:00,142.67,232.92,48.92,28.19,1.14,28.57
29-01-2019 00:00,155.44,257.15,53.51,34.24,1.32,38.26
30-01-2019 00:00,240.08,375.88,92.6,35.09,2.23,38.33
31-01-2019 00:00,216.58,355.79,68.99,20.23,2.01,42.27
01-02-2019 00:00,216.85,307.27,34.29,21.13,1.49,32.55
02-02-2019 00:00,208.65,296.33,27.62,13.52,1.33,25.47
03-02-2019 00:00,148.98,240.73,30.12,12.56,1.41,26.79
04-02-2019 00:00,197.38,334.19,85.85,15.92,2.56,31.34
05-02-2019 00:00,329.06,484.65,146.68,27.72,3.71,40.46
06-02-2019 00:00,201.62,288.19,47.09,15.21,1.78,26.77
07-02-2019 00:00,69.9,132.79,19.9,11.34,0.99,29.89
08-02-2019 00:00,77.19,167.65,52.58,16.86,1.07,24.25
09-02-2019 00:00,97.25,188.1,55.75,24,1.08,28.87
10-02-2019 00:00,162.29,277.35,77.14,28.32,1.43,30.77
11-02-2019 00:00,197.48,334.42,117.63,28.1,1.96,36.35
12-02-2019 00:00,240.38,390.71,111.34,27.09,2.07,50.4
13-02-2019 00:00,210.33,334.96,89.38,19.73,2.26,45.8
14-02-2019 00:00,172.1,237.25,40.34,14.38,1.44,28.99
15-02-2019 00:00,156.31,219.42,43.93,17.05,1.33,23.04
16-02-2019 00:00,134.52,192.65,38.68,16.58,1.18,15.57
17-02-2019 00:00,118.9,195.83,54.63,20.71,1.3,34.84
18-02-2019 00:00,108.78,199.77,46.58,18.63,1.24,34.7
19-02-2019 00:00,159.23,266.17,66.43,15.84,1.83,41.8
20-02-2019 00:00,108.52,189.92,47.61,16.67,1.46,18.38
21-02-2019 00:00,85.96,213.21,68.8,20.64,1.91,39.71
22-02-2019 00:00,81.15,155.62,43.95,18.67,0.93,22.52
23-02-2019 00:00,68.79,143.48,45.1,22.42,0.9,33
24-02-2019 00:00,98.74,180.03,45.05,26.55,1.06,43.23
25-02-2019 00:00,85.57,174.91,38.75,18.51,1.13,55.05
26-02-2019 00:00,62.91,139.78,38.32,16.33,1.08,17.91
27-02-2019 00:00,59.81,127.76,28.75,13.18,0.92,1.2
28-02-2019 00:00,108.31,210.27,58.72,19.45,1.21,1.25
01-03-2019 00:00,111.88,220.02,64.56,20.48,1.16,11.34
02-03-2019 00:00,120.23,215.54,60.41,19.46,1.45,10.64
03-03-2019 00:00,76.25,145.23,39.42,15.19,1.39,None
04-03-2019 00:00,118.79,209.23,47.64,16.95,1.18,None
05-03-2019 00:00,83.8,161.24,56.44,21.81,0.98,5.14
06-03-2019 00:00,101,205.92,62.25,21.05,1.29,16.54
07-03-2019 00:00,118.88,239.65,72.56,22.76,1.36,35.18
08-03-2019 00:00,86.14,198.96,55.88,22.16,1.13,37.61
09-03-2019 00:00,79.4,188.75,45.91,29.68,0.98,36.87
10-03-2019 00:00,87.53,186.93,59.11,27.45,1.11,46.74
11-03-2019 00:00,86.23,233,37.42,24.41,1.26,55.9
12-03-2019 00:00,54.96,147.62,23.84,17.88,0.91,43.41
13-03-2019 00:00,95.88,262.02,47.37,29.99,1.33,29.91
14-03-2019 00:00,121.98,236.29,49.53,24.91,1.29,22.18
15-03-2019 00:00,90.15,166.1,62.99,30.28,1.01,32.56
16-03-2019 00:00,79.88,160.04,49.92,28.23,1,40.39
17-03-2019 00:00,102.75,195.71,49.07,29.08,1.19,45.59
18-03-2019 00:00,110.23,203.77,69.11,34.64,1.27,47.35
19-03-2019 00:00,113.77,222.69,80.51,31.07,1.55,42.99
20-03-2019 00:00,91.92,223.62,51.34,23.85,1.45,49.98
21-03-2019 00:00,111.44,178.79,19.23,25.41,1.22,55.16
22-03-2019 00:00,38,126.25,22.83,25.53,0.78,56.45
23-03-2019 00:00,57.73,148.54,33.74,28.11,0.85,51.99
24-03-2019 00:00,60.06,149.94,41.52,33.42,0.92,39.31
25-03-2019 00:00,67.29,146.88,33.76,25.17,0.98,36.24
26-03-2019 00:00,88.12,176.79,51.93,33.02,1.07,39.98
27-03-2019 00:00,91.77,189.52,62.91,33.72,1.27,44.14
28-03-2019 00:00,157.31,261.15,82.51,36.14,1.84,54.06
29-03-2019 00:00,105.08,235.56,63.82,24.79,1.66,47.55
30-03-2019 00:00,100.15,201.48,40.54,30.39,1.36,60.24
31-03-2019 00:00,56.69,166.02,39.24,32.91,0.84,46.19
01-04-2019 00:00,65.1,165.75,39.4,35.1,0.91,53.37
02-04-2019 00:00,100.29,186.73,65.05,40.32,1.17,65.25
03-04-2019 00:00,95.12,194.67,44.36,25.5,1.32,58.87
04-04-2019 00:00,123.06,199.52,54.34,38.44,1.59,57.32
05-04-2019 00:00,123.73,205.21,66.88,43.22,1.8,37.34
06-04-2019 00:00,139.91,242.7,56.97,33.19,1.52,50.32
07-04-2019 00:00,174.84,251.21,31.9,28.81,1.44,56.25
08-04-2019 00:00,110.79,184.62,34.97,19.96,1.14,46.44
09-04-2019 00:00,97.53,155.19,47.56,28.33,1.54,53.67
10-04-2019 00:00,102.84,161.23,48.92,32.48,1.33,59.38
11-04-2019 00:00,81.23,150.27,33.06,27.64,1.08,59.25
12-04-2019 00:00,76.31,145.98,24.61,23.56,0.98,59.7
13-04-2019 00:00,64.34,130.44,27.78,24.58,0.87,41.72
14-04-2019 00:00,69.62,136.6,39.93,29.63,0.9,25.86
15-04-2019 00:00,81.96,159.83,50.36,24.61,1.45,26.84
16-04-2019 00:00,90.71,112.11,17.98,14.36,0.78,38.15
17-04-2019 00:00,22.73,58.33,14.66,12.44,0.76,42.11
18-04-2019 00:00,41.08,81.69,27.83,17.47,0.95,43.18
19-04-2019 00:00,73.48,122.85,55.9,32.62,1.11,37.26
20-04-2019 00:00,100.27,148.52,53.92,33.06,1.46,45.49
21-04-2019 00:00,106.03,160.82,59.5,27.07,1.91,37.78
22-04-2019 00:00,108.83,166.06,56.86,34.42,1.92,43.32
23-04-2019 00:00,111.8,186.64,81.65,31.18,1.38,43.57
24-04-2019 00:00,103.97,187.55,32.77,21.23,1.15,58.24
25-04-2019 00:00,104.17,197.17,23.99,20.8,1.92,63.21
26-04-2019 00:00,93.28,168.86,54.77,35.19,1.95,32.43
27-04-2019 00:00,99.89,195.36,40.13,28.3,0.92,33.04
28-04-2019 00:00,96.22,182.85,53.38,35.3,0.73,27.31
29-04-2019 00:00,98.69,187.95,67,32.86,0.75,30.56
30-04-2019 00:00,101.96,204.95,34.92,27.16,0.89,51.5
01-05-2019 00:00,111.21,277.95,42.19,30.57,1.51,51.46
02-05-2019 00:00,66.72,336.18,16.19,20.68,1.92,59.59
03-05-2019 00:00,51.06,192.31,25.24,21.34,0.93,61.44
04-05-2019 00:00,91.48,265.7,42.54,37.88,0.71,43.79
05-05-2019 00:00,81.07,301.11,57.76,22.46,1.56,51.27
06-05-2019 00:00,131.89,383.91,74.41,30.41,1.81,44.72
07-05-2019 00:00,141.84,430.44,67.21,23.61,1.63,26.14
08-05-2019 00:00,125.24,484,82.99,30.53,1.66,31.93
09-05-2019 00:00,145.32,494.49,42.93,32.53,1.5,33.71
10-05-2019 00:00,87.48,378.5,20.62,23.05,0.94,39.25
11-05-2019 00:00,102.03,292.81,27.26,29.24,1.18,50.05
12-05-2019 00:00,172.4,361.53,37.49,33.26,1.39,40.09
13-05-2019 00:00,171.62,323.54,31.88,47.31,1.66,52.98
14-05-2019 00:00,58.25,140.29,28.71,22.19,1.48,41.13
15-05-2019 00:00,93.83,179.69,47.33,36.11,1.73,26.71
16-05-2019 00:00,94.94,204.06,42.21,26.47,2.12,26.23
17-05-2019 00:00,153.67,293.78,36.15,17.16,1.24,32.59
18-05-2019 00:00,48.06,126.6,21.91,18.73,1.42,33.14
19-05-2019 00:00,86.77,204.73,45.6,34.59,1.19,41.06
20-05-2019 00:00,103.08,268.9,50.27,31.61,1.51,37.92
21-05-2019 00:00,86.68,239.58,28.61,29.53,1.45,40.22
22-05-2019 00:00,73.81,272.46,45.77,24.52,1.78,26.87
23-05-2019 00:00,110.52,276.43,40.99,28.72,1.5,39.21
24-05-2019 00:00,42.08,134.94,26.2,18.06,1.28,21.25
25-05-2019 00:00,42.75,139.42,31.32,22.46,1.46,34.42
26-05-2019 00:00,61.72,174.66,34.05,28.19,1.65,40.59
27-05-2019 00:00,67.23,215.7,49.58,28.43,1.73,36.96
28-05-2019 00:00,64.38,221.82,73.12,33.81,1.46,35.29
29-05-2019 00:00,81.93,243.12,60.4,36.16,1.39,39.55
30-05-2019 00:00,85.09,264.83,73.44,34.26,1.5,32.95
31-05-2019 00:00,80.79,408.67,52.52,26.09,1.7,43.46
01-06-2019 00:00,99.54,333,48.15,27.55,1.46,57.15
02-06-2019 00:00,67.54,252.29,15.45,25.81,1.23,52.66
03-06-2019 00:00,52.81,349.21,12.75,16.38,1.17,47.92
04-06-2019 00:00,48.08,192.35,18,19.7,1.22,55.76
05-06-2019 00:00,73.06,244.75,26.21,19.41,1.85,47.98
06-06-2019 00:00,61.52,263.79,29.17,22.6,1.51,45.46
07-06-2019 00:00,53.9,172.9,18.21,20.96,1.42,58.29
08-06-2019 00:00,61.72,210.31,39.44,19.42,2,47.92
09-06-2019 00:00,113.77,310.56,71.53,35.32,2.32,51.79
10-06-2019 00:00,71.09,272.09,60.53,21.58,2.11,32.72
11-06-2019 00:00,107.66,445.14,42.47,18.15,1.69,22.47
12-06-2019 00:00,44.78,250.39,11.51,14.9,1.11,45.49
13-06-2019 00:00,43.96,197.94,16.82,18.37,1.43,38.55
14-06-2019 00:00,52.42,222.04,34.85,27.27,1.78,36.91
15-06-2019 00:00,78,302.24,41.12,27.13,1.81,25.61
16-06-2019 00:00,35.46,190.96,13.73,16.38,0.91,42.86
17-06-2019 00:00,33.82,178.17,19.6,17.02,1.3,48.14
18-06-2019 00:00,26.66,85.58,28.16,11.73,1.16,53.08
19-06-2019 00:00,73.15,233.71,19.84,18.01,1.18,80.81
20-06-2019 00:00,35.49,144.04,15.53,11.86,1.11,79.12
21-06-2019 00:00,61.31,194.83,28.81,20.62,1.22,74.41
22-06-2019 00:00,69.42,195.62,40.98,30.32,1.4,89.87
23-06-2019 00:00,36.1,135.58,11.9,20.67,1.15,73.13
24-06-2019 00:00,20.46,87.38,12.89,22.16,0.91,38.28
25-06-2019 00:00,50.94,128.9,15.99,21.04,1.06,61.97
26-06-2019 00:00,69.85,176.42,20.45,22.39,0.89,55.52
27-06-2019 00:00,69.35,268.85,28.26,24.79,1.28,51.22
28-06-2019 00:00,57.62,260.04,25.61,26.4,1.08,37.78
29-06-2019 00:00,56.04,326.4,22.97,18.08,1.04,30.7
30-06-2019 00:00,58.54,324.69,24.02,16.34,1.25,43.68
01-07-2019 00:00,51.02,214.5,16.09,17.85,0.99,67.74
02-07-2019 00:00,64.15,259.44,12.56,19.36,1.04,70.14
03-07-2019 00:00,31.67,118.33,11.77,12.61,1.16,43.66
04-07-2019 00:00,29.65,81.21,14.78,12.92,1.26,19.78
05-07-2019 00:00,47.54,109,22.21,19.38,0.96,18.28
06-07-2019 00:00,28.15,100.1,15.7,13.58,1.12,42.26
07-07-2019 00:00,38.53,102.28,13.98,16.69,1.65,36.83
08-07-2019 00:00,43.78,166.76,17.65,14.27,1.63,32.13
09-07-2019 00:00,36.23,135.94,15.36,13.99,1.25,21.67
10-07-2019 00:00,70.15,324.51,21.05,13.96,0.75,15.76
11-07-2019 00:00,76.52,508.89,16.48,12.36,0.52,27.1
12-07-2019 00:00,69.56,469.24,17.13,11.42,0.45,20.46
13-07-2019 00:00,56.73,387.27,12.09,11.67,0.94,25.71
14-07-2019 00:00,52.96,365.58,13.29,18.74,1.92,31.81
15-07-2019 00:00,32.77,152.58,16.59,12.74,1.14,28.86
16-07-2019 00:00,24.6,71.83,13.18,13.8,0.55,37.62
17-07-2019 00:00,28.25,68.48,17.79,10.09,0.56,37.32
18-07-2019 00:00,28.08,82.06,26.04,10.34,1.33,42.11
19-07-2019 00:00,60,159.44,34.81,14.94,0.93,76.77
20-07-2019 00:00,43.44,115.94,24.6,10.57,0.74,20.98
21-07-2019 00:00,50.92,116.6,33.53,11.46,1.32,42.08
22-07-2019 00:00,67.69,137.4,40.24,10.42,1.21,46.6
23-07-2019 00:00,91.08,181.04,39.11,11.14,1.4,56.12
24-07-2019 00:00,56,154.31,30.64,11.25,1.02,37.94
25-07-2019 00:00,19.98,63.92,17.84,10.12,0.9,19.5
26-07-2019 00:00,23.98,58.1,15.92,9.12,0.99,26.34
27-07-2019 00:00,25.69,48.85,16.53,12.47,0.99,43.29
28-07-2019 00:00,15.44,46,11.69,13.55,0.65,None
29-07-2019 00:00,22.81,67.81,12.15,16.67,0.74,57.15
30-07-2019 00:00,28.48,80.29,13.03,17.15,0.99,31.28
31-07-2019 00:00,26.31,77.5,12.99,11.76,0.81,47.97
01-08-2019 00:00,26.67,80.06,16.72,13.63,0.6,28.45
02-08-2019 00:00,25.85,76.69,16.29,10.75,0.55,30.37
03-08-2019 00:00,45.83,92.35,23.99,15.1,0.75,33.54
04-08-2019 00:00,50.5,102.48,21.38,11.23,0.79,47.82
05-08-2019 00:00,50.25,102.92,25.07,11.7,1.06,41.93
06-08-2019 00:00,27.65,54.48,22.27,11.75,0.89,38.08
07-08-2019 00:00,32.35,75.52,17.12,11.34,0.76,41.07
08-08-2019 00:00,28.81,87.5,19.01,13.63,0.81,56.73
09-08-2019 00:00,8.19,55.91,9.36,10.82,0.39,48.99
10-08-2019 00:00,11.87,44.31,11.5,11.85,0.53,41.34
11-08-2019 00:00,17.67,61.5,12.47,9.9,0.46,54.38
12-08-2019 00:00,14.12,51.92,13.16,8.19,0.81,21.29
13-08-2019 00:00,16.77,57.81,21.81,8.01,0.78,19.37
14-08-2019 00:00,30.93,68.61,23.32,7.86,1.08,50.96
15-08-2019 00:00,21,53.76,13.25,9.02,0.53,30.08
16-08-2019 00:00,13.71,36.77,10.83,9.79,0.44,39.73
17-08-2019 00:00,5.73,15.53,9.69,7.73,0.5,18.35
18-08-2019 00:00,12.98,30.96,17.41,7.95,0.85,22.85
19-08-2019 00:00,37.25,86.66,28.48,7.22,1.14,45.04
20-08-2019 00:00,37.6,95.09,26.68,7.62,0.73,35.91
21-08-2019 00:00,38.28,138.48,20.04,8.29,0.95,46.09
22-08-2019 00:00,41.41,138.16,36.5,9.42,1.28,33.51
23-08-2019 00:00,47.81,157.96,40.01,8.64,1.34,33.41
24-08-2019 00:00,53.02,136.31,37.63,7.23,1.04,23.58
25-08-2019 00:00,27.75,58.4,17.52,8.27,0.76,28.56
26-08-2019 00:00,25.69,68.17,19.92,10.05,0.89,29.11
27-08-2019 00:00,39.35,104.94,27.78,12.22,1.12,62.73
28-08-2019 00:00,42.02,124.59,40.27,12.73,1.24,35.88
29-08-2019 00:00,25.96,80.15,15.8,12.41,1.77,39.43
30-08-2019 00:00,49.83,121.32,18.76,18.65,0.58,73.83
31-08-2019 00:00,56.06,128.21,22.74,14.06,1.32,47.77
01-09-2019 00:00,30.21,74.81,17.98,12.68,0.99,53.55
02-09-2019 00:00,39.8,87.38,14.08,15.49,0.87,50.56
03-09-2019 00:00,58.28,124.77,19.54,15.58,1.17,40.29
04-09-2019 00:00,70.88,149.62,19.48,15.9,0.97,57.92
05-09-2019 00:00,27.17,81.38,20,15.19,0.81,35.46
06-09-2019 00:00,36,92.77,20.1,16.82,1.06,50.06
07-09-2019 00:00,29.23,77.23,21.85,15.51,0.96,46.1
08-09-2019 00:00,25.81,67.4,14.58,16.82,0.95,38.94
09-09-2019 00:00,51.48,126.96,17.2,15.42,0.91,45.63
10-09-2019 00:00,54.4,119.67,17.74,17.16,1.11,55.63
11-09-2019 00:00,74.9,158.56,21.61,16.98,1.27,63.6
12-09-2019 00:00,49.46,112.33,13.49,12.07,1.03,46.4
13-09-2019 00:00,30.2,83.26,13.58,14.92,1.07,34.82
14-09-2019 00:00,24.85,66.44,12.5,13.74,0.81,45.54
15-09-2019 00:00,39.12,79.6,14.24,13.77,0.97,45.43
16-09-2019 00:00,58.08,145.27,25.84,13.78,1.12,48.97
17-09-2019 00:00,57.15,140.42,20.67,13.25,1.04,61.23
18-09-2019 00:00,32.46,105.44,14.22,15.8,0.88,69.44
19-09-2019 00:00,18.15,65.06,11,15.55,0.92,43.64
20-09-2019 00:00,43.73,115.25,23.5,16.38,1.07,56.76
21-09-2019 00:00,35.71,85.06,17.61,13.85,1.09,38.26
22-09-2019 00:00,24.73,65.33,21.74,14.31,0.89,33.03
23-09-2019 00:00,39.77,92.85,17.8,16.18,1.21,50.88
24-09-2019 00:00,31.85,87.94,19,16.5,0.82,40.01
25-09-2019 00:00,29.79,76.71,18.8,13.8,0.95,39.95
26-09-2019 00:00,21.58,61.75,15.67,17.25,0.75,57.05
27-09-2019 00:00,12.15,44.39,11.34,17.1,0.98,47.84
28-09-2019 00:00,24.72,62.51,14.23,16.19,0.85,30.67
29-09-2019 00:00,13.82,45.36,11.36,13.24,0.94,29.81
30-09-2019 00:00,30.04,80.17,17.47,13.8,1.02,40.91
01-10-2019 00:00,28.93,86.33,19.7,11.89,1.07,34.66
02-10-2019 00:00,32.96,80.15,19.46,14.94,1.01,39.53
03-10-2019 00:00,63.97,140.57,27.98,16.02,1.43,52.76
04-10-2019 00:00,44.75,97.6,24.46,14.34,1.04,38.51
05-10-2019 00:00,38.19,93.81,35.74,16.03,0.99,40.52
06-10-2019 00:00,59.1,132.38,34.09,18.14,1.13,49.66
07-10-2019 00:00,51.08,129.08,26.03,15.91,0.91,46.25
08-10-2019 00:00,47.31,115.1,37.57,16.45,1.05,48.51
09-10-2019 00:00,73.52,168,44.45,17.91,1.37,71.17
10-10-2019 00:00,115.83,231.12,47.84,19.31,1.45,71.07
11-10-2019 00:00,110.23,228.1,63.31,17.99,1.34,60.43
12-10-2019 00:00,115.46,239.44,59.54,17.51,1.54,52.77
13-10-2019 00:00,151.23,283.71,77.58,19.38,1.6,57.57
14-10-2019 00:00,126.62,264.21,69.57,15.47,1.7,53.32
15-10-2019 00:00,143.96,285.23,77.33,16.63,2.16,52.51
16-10-2019 00:00,149.06,272.62,48.77,19.04,1.66,43.42
17-10-2019 00:00,122.56,240.06,39.39,22.9,1.41,90.81
18-10-2019 00:00,78.12,174.77,29.84,17.76,1.14,43.82
19-10-2019 00:00,83.93,171.65,46.8,17.58,1.22,52.23
20-10-2019 00:00,109.65,203.9,55.58,21.32,1.23,39.47
21-10-2019 00:00,133.12,258.04,64.05,21.28,1.22,38.57
22-10-2019 00:00,102.9,236.85,59.16,19.06,1.46,37.76
23-10-2019 00:00,140.6,301.9,80.82,30.81,1.97,45.56
24-10-2019 00:00,227.9,398.56,96.16,25.15,2.4,57.04
25-10-2019 00:00,144.06,276.4,80.79,23.03,1.7,51.99
26-10-2019 00:00,188.27,334.38,84.03,20.43,2.15,61.26
27-10-2019 00:00,258.78,367.35,75.93,25.88,2.21,41.32
28-10-2019 00:00,304.26,428.88,64.14,23.16,2.09,47.85
29-10-2019 00:00,348.69,511.98,75.73,15.1,2.46,21.84
30-10-2019 00:00,328.58,528.67,105.76,15.25,2.94,20.49
31-10-2019 00:00,385.65,579.21,124.87,20.8,2.69,30.28
01-11-2019 00:00,418.88,612.88,95.97,21.63,2.23,47.28
02-11-2019 00:00,393.12,523.15,60.89,19.43,1.94,25.9
03-11-2019 00:00,605.26,678.43,54.32,13.5,2.5,17.53
04-11-2019 00:00,378.91,454.33,43.37,15.33,1.48,28.92
05-11-2019 00:00,223.98,334.1,52.49,16.11,1.65,33.12
06-11-2019 00:00,114.48,241.85,58.42,12.78,1.37,25.72
07-11-2019 00:00,203.65,298.77,55.77,15.75,1.6,16.77
08-11-2019 00:00,165.81,272.85,67.2,17.74,2.4,27.33
09-11-2019 00:00,160.12,248.88,52.73,17.68,2.34,42.18
10-11-2019 00:00,223.62,319.65,56.95,26.26,1.21,58.28
11-11-2019 00:00,303.45,433.65,63.45,26.95,2.35,52.58
12-11-2019 00:00,473.67,581.88,85.03,20.44,2.18,49.26
13-11-2019 00:00,418.11,546.15,79.8,21.75,2.06,45.66
14-11-2019 00:00,421.33,595.42,115.61,19.6,2.62,49.11
15-11-2019 00:00,473.16,623.38,71.82,12.99,2.55,44.57
16-11-2019 00:00,189.67,319.08,43.85,14.2,1.62,26.19
17-11-2019 00:00,109.67,186.75,32.35,15,1.11,16.22
18-11-2019 00:00,120.56,192.79,45.54,16.89,1.31,24.63
19-11-2019 00:00,153.94,252.71,76.71,20.62,1.71,19.45
20-11-2019 00:00,229.83,367.5,123.28,20.98,2.64,14.63
21-11-2019 00:00,252.23,381.29,113.08,24.78,2.2,5.04
22-11-2019 00:00,226.1,364.41,90.06,21.28,1.9,5.16
23-11-2019 00:00,128.12,227.49,44.43,17.09,0.91,3.65
24-11-2019 00:00,118.31,193.76,46.41,18.9,0.95,3.77
25-11-2019 00:00,125.85,213.74,63.6,19.24,1.39,3.86
26-11-2019 00:00,123.73,240.32,49.69,23.73,1.06,6.22
27-11-2019 00:00,70.23,136.82,30.63,14.83,1.09,3.26
28-11-2019 00:00,31.32,48.5,17.45,10.71,0.74,3.63
29-11-2019 00:00,58.83,95.44,40.85,14.33,1.2,3.14
30-11-2019 00:00,122.35,178.67,61.75,14.31,1.26,3.5
01-12-2019 00:00,142.65,197.31,57.68,15.82,1.04,4.08
02-12-2019 00:00,164.98,251.02,68.54,14.85,1.13,5.19
03-12-2019 00:00,163.98,270,71.75,13.79,1.55,9.49
04-12-2019 00:00,200.5,322.27,91.11,15.06,2.24,11.14
05-12-2019 00:00,366.23,531.1,154.18,13.23,2.77,8.46
06-12-2019 00:00,275.02,394.47,84.94,15.68,1.51,None
07-12-2019 00:00,256.01,358.03,131.17,13.95,2.91,15.86
08-12-2019 00:00,302.8,432.54,167.05,14.89,3.01,18.54
09-12-2019 00:00,234.05,353.74,124.58,15.91,2.68,19.16
10-12-2019 00:00,291.68,428.28,135.65,13.78,2.79,23.08
11-12-2019 00:00,387.67,548.32,161.24,15.31,3.68,30.44
12-12-2019 00:00,353.44,499.64,61.23,13.75,1.77,25.41
13-12-2019 00:00,117.99,142.44,26.52,12.81,0.13,17.63
14-12-2019 00:00,108.61,163.18,48.99,12.67,0,17.82
15-12-2019 00:00,116.29,167.85,47.22,10.9,3.31,15.14
16-12-2019 00:00,98.29,135.08,25.84,8.64,0,11.34
17-12-2019 00:00,117.75,158.99,35.79,9.68,1.47,13.5
18-12-2019 00:00,170.9,234.94,38.55,9.63,0.83,9.1
19-12-2019 00:00,328.22,446.97,73.16,12.5,1.39,22.51
20-12-2019 00:00,396,532.57,68.53,8.89,1.24,22.32
21-12-2019 00:00,273.44,363.57,57.25,8.17,0.81,11.6
22-12-2019 00:00,162.9,209.38,32.93,7.41,0.57,10.61
23-12-2019 00:00,188.17,245.84,37.6,9.7,0.85,9.41
24-12-2019 00:00,278.92,409.93,44.23,11.59,0.93,9.8
25-12-2019 00:00,165.69,250.23,27.88,8.14,0.61,7.54
26-12-2019 00:00,210.06,300.35,27.29,7.89,0.68,10.09
27-12-2019 00:00,272.62,402.56,34.6,9,0.79,9.68
28-12-2019 00:00,287.98,451.94,63.98,9.95,1.22,8.15
29-12-2019 00:00,329.06,487.65,41.3,10.19,1.03,12.59
30-12-2019 00:00,380.79,530.92,62.5,12,1.34,4.82
31-12-2019 00:00,280.23,341.07,78.73,15.72,1.49,11.56
01-01-2020 00:00,385.33,491.04,116.07,18.36,3.01,15.94
02-01-2020 00:00,376.29,482.78,134.5,18.91,2.68,11.29
03-01-2020 00:00,235.42,341.08,99.37,15.24,2.17,11.31
04-01-2020 00:00,282.73,399.48,105.31,11.54,1.46,12.92
05-01-2020 00:00,195.35,288.48,37.43,11.69,0.66,15.27
06-01-2020 00:00,169.35,266.58,38.89,11.56,0.75,7.03
07-01-2020 00:00,141.65,192,33.37,10.88,0.86,9.44
08-01-2020 00:00,144.8,164.33,30.75,7.59,0.7,4.45
09-01-2020 00:00,102.27,143.9,26.56,8.59,0.54,9.72
10-01-2020 00:00,142.19,210.58,39.75,10.75,0.81,12.94
11-01-2020 00:00,166.65,260.73,70.03,11.85,1.21,18.25
12-01-2020 00:00,240.25,380.08,101.54,11.49,1.79,28.89
13-01-2020 00:00,242.27,344,51.21,9.12,0.94,25.85
14-01-2020 00:00,133.85,180.14,27.19,8.81,0.58,15.66
15-01-2020 00:00,134.44,206.54,35.35,10.33,0.71,22.61
16-01-2020 00:00,165.62,215.56,39.28,9.31,0.74,12.37
17-01-2020 00:00,128.12,173.69,36.75,8.64,0.79,11.73
18-01-2020 00:00,144.73,215,45.76,7.51,0.75,15.07
19-01-2020 00:00,139.5,190.62,24.62,7.81,0.54,17.59
20-01-2020 00:00,175.19,252.17,37.24,9.26,1.15,17.18
21-01-2020 00:00,276.53,405.4,86.91,9.42,2.06,18.66
22-01-2020 00:00,206.83,293.52,47.86,7.24,1.01,11.09
23-01-2020 00:00,81.35,145.96,34.83,8.57,0.42,16.58
24-01-2020 00:00,96.23,167.06,51.13,12.7,0.64,19.97
25-01-2020 00:00,160.19,260.62,75.65,10.72,0.96,17.02
26-01-2020 00:00,249.27,362.21,91.04,9.94,1.56,16.05
27-01-2020 00:00,263.44,380.6,133.84,10.11,1.63,11.08
28-01-2020 00:00,117.38,148.14,35.1,9.44,0.72,13.2
29-01-2020 00:00,91.96,137.78,41.74,8.4,0.59,15.5
30-01-2020 00:00,105.56,169.24,55.38,10.22,0.58,15.47
31-01-2020 00:00,114.44,182.49,50.27,8.97,0.67,11.5
01-02-2020 00:00,139.92,231.24,61.55,8.95,0.73,16.55
02-02-2020 00:00,146.27,216.11,61.37,8.81,0.73,16.67
03-02-2020 00:00,159.17,259.9,72.96,10.37,1.11,22.38
04-02-2020 00:00,214.92,351.41,106.18,11.6,1,25.36
05-02-2020 00:00,154.55,247.91,49.62,13.47,0.59,20.5
06-02-2020 00:00,135.68,210.91,48.4,10.65,0.73,24
07-02-2020 00:00,155.68,251.8,56.96,11.16,0.77,19.44
08-02-2020 00:00,164.76,231.98,41.57,15.49,0.57,24.63
09-02-2020 00:00,171.3,254.17,50.9,17.91,0.72,24.43
10-02-2020 00:00,202.96,319.18,74.49,14.24,1.27,25.34
11-02-2020 00:00,200.23,335.41,86.15,13.43,1.12,33.25
12-02-2020 00:00,175.02,287.74,40.2,15.64,0.71,38.73
13-02-2020 00:00,100.75,189.68,24.05,20.2,0.62,32.96
14-02-2020 00:00,83.77,193.54,21.23,15.79,0.55,33.26
15-02-2020 00:00,87.94,181.88,25.45,20.42,0.72,39.75
16-02-2020 00:00,160.88,258.39,44.86,26.65,1.03,37.25
17-02-2020 00:00,165.73,288.95,46.24,21.08,0.98,31.13
18-02-2020 00:00,133.67,257.91,49.08,23.05,1.4,33.93
19-02-2020 00:00,154.96,304.79,82.19,20.01,1.97,27.96
20-02-2020 00:00,109.38,258.41,26.9,9.56,0.71,51.76
21-02-2020 00:00,48.29,72.77,20.58,9.92,0.61,30.67
22-02-2020 00:00,72.5,132.73,56.11,17.87,1.14,21.2
23-02-2020 00:00,104.38,178.67,43.62,20.08,0.57,21.02
24-02-2020 00:00,83.23,169.12,57.64,28.2,0.84,23.35
25-02-2020 00:00,142.5,227.29,65.42,24.52,0.9,25.67
26-02-2020 00:00,163.98,288.25,85.11,20.89,1.22,24.99
27-02-2020 00:00,118.46,205.98,40.16,21.53,0.86,26.24
28-02-2020 00:00,88.79,159.83,22.15,16.02,0.63,30.94
29-02-2020 00:00,62.39,114.16,21.51,16.39,0.58,27.23
01-03-2020 00:00,56.52,105.03,38.09,17.71,0.85,32.19
02-03-2020 00:00,109.1,215.92,77.35,20.44,1.07,25.9
03-03-2020 00:00,80.92,177.45,50.41,19.38,0.69,22.08
04-03-2020 00:00,82.71,170.8,40.13,21.38,0.67,33.3
05-03-2020 00:00,39.23,65.27,23.56,14.17,0.56,28.59
06-03-2020 00:00,23.27,39.5,24.24,15.31,0.54,20.92
07-03-2020 00:00,None,89.49,32.03,13.07,0.74,25.68
08-03-2020 00:00,None,177.61,84.72,16.09,1.03,21.04
09-03-2020 00:00,109.13,132.98,37.2,22.46,0.56,25.05
10-03-2020 00:00,95.81,152.35,27.99,25.11,0.59,46.08
11-03-2020 00:00,65.47,109.83,18.35,19.09,0.52,33.82
12-03-2020 00:00,73.64,158.06,36.82,18.77,0.94,26.25
13-03-2020 00:00,68.79,197.79,37.15,20.14,0.49,29.56
14-03-2020 00:00,55.2,72.47,22.28,13.95,0.59,20.82
15-03-2020 00:00,82.73,124.69,44.52,18.23,0.6,29.39
16-03-2020 00:00,74.08,132.27,48.65,21.2,0.6,27.02
17-03-2020 00:00,85.27,149.44,49.98,25.49,0.66,31.88
18-03-2020 00:00,77.71,151.69,40.76,23.65,0.75,34.68
19-03-2020 00:00,113.73,194.58,46.77,25.48,0.79,36.54
20-03-2020 00:00,96.09,195.1,53.5,23,1.2,30.47
21-03-2020 00:00,96.39,197.65,42.33,26.87,0.75,34.57
22-03-2020 00:00,86.46,134.35,17.65,27.27,0.52,36.87
23-03-2020 00:00,67.21,119.11,17.98,None,0.62,40.55
24-03-2020 00:00,65.37,104.93,16.17,None,0.56,27.61
25-03-2020 00:00,41.14,69.69,12.68,20.42,0.5,17.21
26-03-2020 00:00,58.33,81.48,9.78,16.1,0.45,18.74
27-03-2020 00:00,27.98,44.81,8.7,14.92,0.37,17.28
28-03-2020 00:00,25.07,34.7,9.68,None,0.43,15.64
29-03-2020 00:00,31.17,51.94,7.59,16.24,0.36,20.99
30-03-2020 00:00,38.34,60.85,9.2,14.72,0.39,24.39
31-03-2020 00:00,37.2,65.32,9.11,17.63,0.38,27
01-04-2020 00:00,45.29,74.19,9.99,20.27,0.42,24.49
02-04-2020 00:00,32.9,61.58,8.66,15.26,0.38,26.59
03-04-2020 00:00,34.62,60.9,9.8,15.57,0.39,36.23
04-04-2020 00:00,51.88,81,14.12,16.99,0.53,29.99
05-04-2020 00:00,67.94,107.04,13.23,20.87,0.56,32.93
06-04-2020 00:00,70.79,121.98,13.49,20.53,0.54,31.42
07-04-2020 00:00,31.69,97.71,9.42,17.79,0.4,31.43
08-04-2020 00:00,30.12,80.17,9.14,16.46,0.39,35.67
09-04-2020 00:00,38.6,78.1,11.74,18.64,0.49,36.1
10-04-2020 00:00,64.77,109.96,16.9,22.91,0.58,31.42
11-04-2020 00:00,60.73,111.95,12.23,24.02,0.49,38.15
12-04-2020 00:00,38.71,79.17,9.84,14.59,0.45,37.58
13-04-2020 00:00,63.48,118.44,13.02,18.9,0.57,33.91
14-04-2020 00:00,57.23,121.09,15.16,15.88,0.62,38.55
15-04-2020 00:00,59.91,174.1,18.08,13.39,0.61,32.3
16-04-2020 00:00,80.9,189.6,15.64,18.34,0.56,37.37
17-04-2020 00:00,24.67,85.8,8.59,12.82,0.43,46.59
18-04-2020 00:00,28.1,85.96,8.65,12.99,0.47,37.34
19-04-2020 00:00,31.91,53.91,13.97,10.69,0.52,26.97
20-04-2020 00:00,64.02,98.35,17.04,13.07,0.56,20.84
21-04-2020 00:00,42.61,74,10.84,12.75,0.48,35.33
22-04-2020 00:00,70.67,115.1,16.21,16.34,0.65,38.01
23-04-2020 00:00,59.75,107.77,15.05,13.64,0.61,36.58
24-04-2020 00:00,66.4,105.42,14.43,13.98,0.62,41.42
25-04-2020 00:00,24.85,72.69,9.17,11.52,0.41,47.69
26-04-2020 00:00,42.48,101.58,8.94,12.5,0.52,40.01
27-04-2020 00:00,24.75,39.67,7.48,11.16,0.49,43.8
28-04-2020 00:00,39.93,69.06,9.05,12.7,0.61,48.75
29-04-2020 00:00,52.21,88.79,9.69,13.34,0.55,54.13
30-04-2020 00:00,51.48,94.31,10.02,13.12,0.57,55.28
01-05-2020 00:00,62.08,124.73,10.39,14.79,0.63,56.2
02-05-2020 00:00,32.69,90.42,7.72,12.61,0.54,51.93
03-05-2020 00:00,32.65,62.66,8.9,12.63,0.55,39.42
04-05-2020 00:00,33.1,55.23,8.94,13.17,0.54,43.86
05-05-2020 00:00,55.19,89.91,12.8,14.72,0.66,45.15
06-05-2020 00:00,64.83,143.68,12.92,17.05,0.66,50.48
07-05-2020 00:00,36.3,65.98,10.25,13.27,0.51,63.71
08-05-2020 00:00,47.42,88.49,10.87,14.3,0.57,75.12
09-05-2020 00:00,54.4,101.31,9.74,14.82,0.63,78.11
10-05-2020 00:00,41.96,94.15,11.04,13.76,0.6,54.32
11-05-2020 00:00,42.25,71.38,13.13,16.33,0.63,59.45
12-05-2020 00:00,46.96,77.44,11.51,21.66,0.63,67.65
13-05-2020 00:00,72.6,127.77,14.67,22.6,0.73,52.92
14-05-2020 00:00,65.7,105.99,19.1,16.76,0.68,48.23
15-05-2020 00:00,49.49,79.14,16.3,19.81,0.58,47.44
16-05-2020 00:00,57.19,88.08,17.85,23.22,0.66,59.51
17-05-2020 00:00,87.65,127.65,23.14,25.97,0.81,58.1
18-05-2020 00:00,99.82,137.94,22.46,28.02,0.67,62.78
